"repo","developer","week","commits","lines_added","lines_deleted","files_changed","mean_hour","hour_std"
"requests","dev_requests_01",2024-01-08,0,10,0,1,10.85,4.39
"requests","dev_requests_01",2024-01-15,9,2777,647,11,15.87,3.29
"requests","dev_requests_01",2024-01-22,2,559,184,12,15.68,2.75
"requests","dev_requests_01",2024-02-19,3,839,521,3,16.86,3.75
"requests","dev_requests_01",2024-03-04,3,915,364,3,15.29,3.51
"requests","dev_requests_01",2024-03-11,2,433,189,4,15.1,1.61
"requests","dev_requests_01",2024-03-18,8,1978,1204,7,16.09,2.36
"requests","dev_requests_01",2024-04-01,4,965,671,10,14.34,2.57
"requests","dev_requests_01",2024-04-15,2,902,225,6,12.91,2.55
"requests","dev_requests_01",2024-04-22,10,3284,1384,2,13.48,3.49
"requests","dev_requests_01",2024-05-06,1,257,174,8,16.15,2.07
"requests","dev_requests_01",2024-05-20,4,1096,344,4,14.52,2.44
"requests","dev_requests_01",2024-05-27,4,831,520,7,14.97,2.72
"requests","dev_requests_01",2024-06-03,7,1290,1036,6,15.39,2.09
"requests","dev_requests_01",2024-06-10,7,2155,631,7,15.34,2.96
"requests","dev_requests_01",2024-06-17,7,1417,1038,8,14.63,2.12
"requests","dev_requests_01",2024-06-24,6,1621,560,13,14.71,2.79
"requests","dev_requests_02",2024-01-01,1,163,137,8,15.71,3.87
"requests","dev_requests_02",2024-01-08,4,1581,370,11,17.25,3.65
"requests","dev_requests_02",2024-01-15,6,1294,678,3,16.74,2.04
"requests","dev_requests_02",2024-01-22,1,219,110,8,10.18,3.47
"requests","dev_requests_02",2024-02-12,4,337,208,7,14.47,4.28
"requests","dev_requests_02",2024-02-19,6,1294,619,9,15.32,1.82
"requests","dev_requests_02",2024-02-26,1,350,183,5,15.73,1.58
"requests","dev_requests_02",2024-03-11,1,271,55,6,15.77,3.98
"requests","dev_requests_02",2024-03-18,3,864,504,4,12.14,2.33
"requests","dev_requests_02",2024-03-25,4,1202,348,1,14.17,3.36
"requests","dev_requests_02",2024-04-15,2,793,278,9,16.07,2.89
"requests","dev_requests_02",2024-04-29,6,1669,1050,2,14.05,1.52
"requests","dev_requests_02",2024-05-06,6,1430,1017,5,18.95,4.07
"requests","dev_requests_02",2024-05-13,5,780,655,8,15.41,3.98
"requests","dev_requests_02",2024-05-27,2,675,162,9,14.69,2.38
"requests","dev_requests_02",2024-06-03,5,994,301,3,14.45,1.23
"requests","dev_requests_02",2024-06-10,3,842,385,11,16.35,2.62
"requests","dev_requests_02",2024-06-17,5,1501,651,8,14.59,4.56
"requests","dev_requests_02",2024-06-24,3,808,419,7,15.84,1.93
"requests","dev_requests_03",2024-01-01,4,1642,726,6,12.67,3.86
"requests","dev_requests_03",2024-01-08,7,1865,1203,9,14.07,2.95
"requests","dev_requests_03",2024-01-15,5,1724,624,9,14.38,4.84
"requests","dev_requests_03",2024-01-22,4,1128,234,13,12.16,4.49
"requests","dev_requests_03",2024-01-29,2,876,379,4,10.75,1.6
"requests","dev_requests_03",2024-02-05,8,2836,1261,9,11.79,3.7
"requests","dev_requests_03",2024-02-12,7,2216,1065,10,9.86,1.74
"requests","dev_requests_03",2024-02-19,8,2241,1165,9,12.17,1.57
"requests","dev_requests_03",2024-03-04,9,3022,1046,9,14.17,2.46
"requests","dev_requests_03",2024-03-11,5,1415,527,9,13.84,3.6
"requests","dev_requests_03",2024-03-18,3,706,393,8,14.7,2.98
"requests","dev_requests_03",2024-03-25,5,1929,320,10,16.7,3.53
"requests","dev_requests_03",2024-04-08,4,1207,752,10,13.92,2.05
"requests","dev_requests_03",2024-04-15,2,498,272,8,12.87,4.59
"requests","dev_requests_03",2024-04-22,9,2709,1236,14,14.15,1.18
"requests","dev_requests_03",2024-04-29,4,777,694,10,12.99,1.94
"requests","dev_requests_03",2024-05-06,2,817,289,14,13.06,3.24
"requests","dev_requests_03",2024-05-20,6,1458,794,3,15.61,1.69
"requests","dev_requests_03",2024-05-27,1,327,127,9,14.01,2.86
"requests","dev_requests_03",2024-06-03,4,1433,431,7,13.19,3.31
"requests","dev_requests_03",2024-06-10,5,1763,757,14,14.29,1.51
"requests","dev_requests_03",2024-06-17,7,2228,1640,3,18.98,2.09
"requests","dev_requests_03",2024-06-24,2,692,254,12,11.78,2.02
"requests","dev_requests_04",2024-01-01,7,3127,1399,14,14.58,4.82
"requests","dev_requests_04",2024-01-15,8,3708,1229,12,16.73,1
"requests","dev_requests_04",2024-01-22,4,1119,916,13,15.58,2.35
"requests","dev_requests_04",2024-01-29,8,3530,1097,9,15.86,4.67
"requests","dev_requests_04",2024-02-05,5,1686,900,9,10.98,3.52
"requests","dev_requests_04",2024-02-12,1,562,254,12,13.61,1.79
"requests","dev_requests_04",2024-02-19,4,1473,843,5,16.57,3.2
"requests","dev_requests_04",2024-02-26,8,2753,1914,11,16.38,4.33
"requests","dev_requests_04",2024-03-04,14,6173,1251,6,16.58,3.04
"requests","dev_requests_04",2024-03-11,8,4264,1391,6,14.76,2.62
"requests","dev_requests_04",2024-03-18,6,1565,877,7,16.08,4.07
"requests","dev_requests_04",2024-03-25,1,573,169,6,15.84,1.84
"requests","dev_requests_04",2024-04-01,6,1421,1285,4,12.78,3.74
"requests","dev_requests_04",2024-04-08,3,1385,701,8,13.91,2.06
"requests","dev_requests_04",2024-04-15,9,3620,1496,8,14.75,1.71
"requests","dev_requests_04",2024-04-22,5,2856,861,11,17.57,1.56
"requests","dev_requests_04",2024-04-29,3,901,539,2,12.4,3.31
"requests","dev_requests_04",2024-05-13,4,1492,612,15,19.38,2.67
"requests","dev_requests_04",2024-05-20,6,2346,1092,3,12.19,1.25
"requests","dev_requests_04",2024-05-27,1,332,152,2,10.65,2.09
"requests","dev_requests_04",2024-06-03,5,2047,964,6,15.33,3.06
"requests","dev_requests_04",2024-06-10,2,942,290,3,17.52,1.85
"requests","dev_requests_04",2024-06-17,9,4396,2202,5,11.82,4.9
"requests","dev_requests_04",2024-06-24,2,1042,264,11,14.1,4.34
"requests","dev_requests_05",2024-01-01,4,1436,843,3,15.53,4.17
"requests","dev_requests_05",2024-01-08,5,2184,1372,17,12.79,3.22
"requests","dev_requests_05",2024-01-15,13,6855,3230,4,15.26,4.04
"requests","dev_requests_05",2024-01-22,6,2518,1515,16,15.57,4.53
"requests","dev_requests_05",2024-01-29,7,3483,1575,1,16.97,1.87
"requests","dev_requests_05",2024-02-05,6,3426,1726,1,16.02,2.01
"requests","dev_requests_05",2024-02-12,8,3386,1601,6,17.48,2.48
"requests","dev_requests_05",2024-02-19,4,2630,990,18,11.77,1.66
"requests","dev_requests_05",2024-02-26,12,5020,1772,16,15.85,1.95
"requests","dev_requests_05",2024-03-04,10,6505,2553,15,18.04,4.87
"requests","dev_requests_05",2024-03-18,7,2900,1726,18,19.02,1.73
"requests","dev_requests_05",2024-03-25,7,3802,1334,16,13.03,4.42
"requests","dev_requests_05",2024-04-01,7,3209,1433,12,18.25,4.29
"requests","dev_requests_05",2024-04-08,4,2601,1086,11,17.42,1.53
"requests","dev_requests_05",2024-04-15,5,2651,1279,12,17.18,3.44
"requests","dev_requests_05",2024-04-22,8,4467,1388,14,17.74,1.93
"requests","dev_requests_05",2024-04-29,10,4807,2801,1,15.82,4.27
"requests","dev_requests_05",2024-05-27,10,5252,3105,12,16.57,4.37
"requests","dev_requests_05",2024-06-03,7,4010,1415,3,16.96,3.44
"requests","dev_requests_05",2024-06-10,6,2255,1359,6,19.88,4.07
"requests","dev_requests_05",2024-06-24,12,5744,2868,18,15.94,3.59
"requests","dev_requests_06",2024-01-01,9,5426,1792,16,18.55,3.92
"requests","dev_requests_06",2024-01-08,8,3302,2217,15,18.93,1.48
"requests","dev_requests_06",2024-01-15,9,4683,1382,11,17.91,4.06
"requests","dev_requests_06",2024-01-22,6,2623,1201,11,16.13,2.18
"requests","dev_requests_06",2024-01-29,4,1344,674,2,13.53,2.43
"requests","dev_requests_06",2024-02-26,6,3033,1794,9,16.43,2.47
"requests","dev_requests_06",2024-03-18,2,1171,399,7,18.42,2.44
"requests","dev_requests_06",2024-03-25,3,1248,701,14,14.86,3.54
"requests","dev_requests_06",2024-04-01,5,2219,1330,6,15.05,2.47
"requests","dev_requests_06",2024-04-08,7,2780,1556,17,18.33,4.63
"requests","dev_requests_06",2024-04-22,6,2546,1177,1,19.79,1.72
"requests","dev_requests_06",2024-04-29,3,1843,637,4,16.93,1.96
"requests","dev_requests_06",2024-05-06,9,4806,765,5,19.9,2.62
"requests","dev_requests_06",2024-05-13,3,1587,703,7,15.32,2.16
"requests","dev_requests_06",2024-05-27,6,2612,1448,7,16.46,4.3
"requests","dev_requests_06",2024-06-03,5,2841,1376,5,14.17,4.66
"requests","dev_requests_06",2024-06-10,3,1781,700,3,16,1.05
"requests","dev_requests_06",2024-06-17,8,3703,2243,12,18.34,4.96
"requests","dev_requests_06",2024-06-24,2,1399,458,7,13.48,2.24
"requests","dev_requests_07",2024-01-01,4,1518,511,5,13.91,2.27
"requests","dev_requests_07",2024-01-08,5,1733,501,1,17.31,4.77
"requests","dev_requests_07",2024-01-15,5,891,492,2,14.9,2.04
"requests","dev_requests_07",2024-01-22,4,1579,431,11,13.33,4.99
"requests","dev_requests_07",2024-01-29,2,507,133,8,10.58,2.31
"requests","dev_requests_07",2024-02-05,3,569,326,6,12.93,3.59
"requests","dev_requests_07",2024-02-12,2,757,303,7,13.73,3.48
"requests","dev_requests_07",2024-02-19,0,10,0,8,14.22,1.8
"requests","dev_requests_07",2024-02-26,6,1383,669,13,14.3,2.64
"requests","dev_requests_07",2024-03-04,4,995,523,9,10.45,1.64
"requests","dev_requests_07",2024-03-11,4,673,559,2,11.58,1.73
"requests","dev_requests_07",2024-03-18,5,1483,397,13,11.6,4.32
"requests","dev_requests_07",2024-03-25,4,355,385,3,14.24,3.44
"requests","dev_requests_07",2024-04-01,5,906,554,3,13.62,4.35
"requests","dev_requests_07",2024-04-15,7,1962,492,3,13.48,2.8
"requests","dev_requests_07",2024-04-22,2,554,300,11,16.55,3.67
"requests","dev_requests_07",2024-05-06,2,596,189,12,17.6,3.73
"requests","dev_requests_07",2024-05-13,2,574,291,4,11.66,4.99
"requests","dev_requests_07",2024-05-20,4,936,652,5,12.68,2.36
"requests","dev_requests_07",2024-05-27,2,410,143,5,17.53,4.2
"requests","dev_requests_07",2024-06-03,5,171,231,9,12.89,4.62
"requests","dev_requests_07",2024-06-17,5,1493,585,9,15.81,2.28
"requests","dev_requests_07",2024-06-24,3,794,270,6,18.47,2.73
"requests","dev_requests_08",2024-01-01,9,2791,2153,16,21.52,3.86
"requests","dev_requests_08",2024-01-08,8,4334,2137,4,16.19,2.84
"requests","dev_requests_08",2024-01-15,7,3732,2021,3,18.51,3.05
"requests","dev_requests_08",2024-01-22,10,5136,3281,4,17.19,4.21
"requests","dev_requests_08",2024-01-29,8,3847,1951,13,18.64,2.3
"requests","dev_requests_08",2024-02-05,7,4783,2237,9,15.29,2.95
"requests","dev_requests_08",2024-02-26,4,2185,1020,3,17.31,1.8
"requests","dev_requests_08",2024-03-11,7,3704,1729,9,20.58,4.94
"requests","dev_requests_08",2024-03-18,11,5733,3416,16,19.05,1.1
"requests","dev_requests_08",2024-03-25,4,2281,1199,13,11.85,1.35
"requests","dev_requests_08",2024-04-01,5,3257,1406,12,17.73,2.72
"requests","dev_requests_08",2024-04-08,5,2706,1164,7,15,3.95
"requests","dev_requests_08",2024-04-15,13,7335,2997,13,15.47,3.42
"requests","dev_requests_08",2024-04-22,8,4525,2005,15,17.5,4.23
"requests","dev_requests_08",2024-04-29,10,5428,2824,18,20.2,4.62
"requests","dev_requests_08",2024-05-06,13,9494,3836,5,15.7,4.82
"requests","dev_requests_08",2024-05-13,7,3845,2090,16,14.79,3.28
"requests","dev_requests_08",2024-05-20,5,2256,1295,6,14.55,3.39
"requests","dev_requests_08",2024-05-27,6,3703,1463,18,17.33,4.98
"requests","dev_requests_08",2024-06-03,8,4246,2297,15,14.19,2.64
"requests","dev_requests_08",2024-06-10,9,4584,1506,19,15.38,2.04
"requests","dev_requests_08",2024-06-17,3,1512,797,8,17.1,2.91
"requests","dev_requests_08",2024-06-24,8,4308,2351,19,12.75,3.74
"flask","dev_flask_01",2024-01-01,8,4488,1543,6,20.89,3.1
"flask","dev_flask_01",2024-01-15,7,2935,1691,4,11.7,1.16
"flask","dev_flask_01",2024-01-22,5,2705,879,4,16.92,2.95
"flask","dev_flask_01",2024-01-29,6,3401,1704,9,19.64,3.06
"flask","dev_flask_01",2024-02-05,5,2908,1446,6,14.51,4.62
"flask","dev_flask_01",2024-02-12,8,4559,1989,1,16.5,2.13
"flask","dev_flask_01",2024-02-19,9,4039,1606,16,16.49,3.89
"flask","dev_flask_01",2024-03-04,5,2556,1083,10,18.5,2.74
"flask","dev_flask_01",2024-03-11,5,2019,953,3,19.46,3.44
"flask","dev_flask_01",2024-03-25,5,3206,1449,10,14.63,3.1
"flask","dev_flask_01",2024-04-01,2,1193,541,13,16.32,4.4
"flask","dev_flask_01",2024-04-08,5,2427,1418,12,15.4,2.86
"flask","dev_flask_01",2024-04-15,7,5332,1372,18,17.02,4.66
"flask","dev_flask_01",2024-04-22,7,4359,1373,7,18.5,3.93
"flask","dev_flask_01",2024-04-29,5,2354,1302,18,14.44,4.16
"flask","dev_flask_01",2024-05-13,6,3765,1856,6,16.22,2.09
"flask","dev_flask_01",2024-05-20,6,3579,1374,14,15.11,3.58
"flask","dev_flask_01",2024-05-27,6,2648,1860,10,13.72,4.95
"flask","dev_flask_01",2024-06-03,10,5516,2496,6,15.47,3.62
"flask","dev_flask_01",2024-06-10,5,2721,706,9,17.61,4.38
"flask","dev_flask_01",2024-06-17,4,1542,913,16,17.17,3.7
"flask","dev_flask_01",2024-06-24,3,1572,706,15,17.82,4.92
"flask","dev_flask_02",2024-01-01,6,1651,1095,12,15.71,4.42
"flask","dev_flask_02",2024-01-08,4,1155,570,14,15.27,3.06
"flask","dev_flask_02",2024-01-15,3,853,347,2,15.77,4.31
"flask","dev_flask_02",2024-01-22,4,1342,557,9,13.36,2.73
"flask","dev_flask_02",2024-01-29,4,797,489,13,15.76,4.75
"flask","dev_flask_02",2024-02-05,2,468,369,2,14.34,1.02
"flask","dev_flask_02",2024-02-12,6,1456,473,12,18.49,3.55
"flask","dev_flask_02",2024-02-19,2,722,481,9,16.38,4.25
"flask","dev_flask_02",2024-02-26,6,2105,731,5,16.27,2.31
"flask","dev_flask_02",2024-03-04,5,1809,507,10,16.46,3.44
"flask","dev_flask_02",2024-03-11,4,1879,458,9,14.93,4.19
"flask","dev_flask_02",2024-03-18,4,980,557,7,17.84,4.46
"flask","dev_flask_02",2024-04-01,9,2507,885,13,18.19,1.24
"flask","dev_flask_02",2024-04-08,4,899,748,6,12.64,2.97
"flask","dev_flask_02",2024-04-15,4,1470,617,2,11.2,3.61
"flask","dev_flask_02",2024-04-22,4,1032,675,14,15.75,3.21
"flask","dev_flask_02",2024-05-06,5,999,757,4,14.4,2.49
"flask","dev_flask_02",2024-05-13,5,1884,707,5,11.72,1.11
"flask","dev_flask_02",2024-05-20,3,1301,197,8,15.83,1.36
"flask","dev_flask_02",2024-05-27,3,943,437,15,14.33,3.41
"flask","dev_flask_02",2024-06-10,5,1508,619,5,15.58,3.27
"flask","dev_flask_02",2024-06-17,2,571,267,13,14.37,2.18
"flask","dev_flask_02",2024-06-24,6,1949,939,14,13.57,3.94
"flask","dev_flask_03",2024-01-01,3,2108,766,6,17.34,1.53
"flask","dev_flask_03",2024-01-08,7,3525,1929,2,16.79,4.61
"flask","dev_flask_03",2024-01-15,9,5415,2680,6,17.92,2.65
"flask","dev_flask_03",2024-01-22,10,6078,2692,6,18.87,1.94
"flask","dev_flask_03",2024-01-29,10,6333,2261,6,15.28,3.72
"flask","dev_flask_03",2024-02-05,6,4068,1545,4,15.61,4.71
"flask","dev_flask_03",2024-02-12,6,3927,1666,4,16.31,3.56
"flask","dev_flask_03",2024-02-19,9,5424,3051,4,15.52,1.47
"flask","dev_flask_03",2024-02-26,9,5368,2542,10,15.13,2.14
"flask","dev_flask_03",2024-03-11,6,3492,1401,2,17.81,3.82
"flask","dev_flask_03",2024-03-18,8,5427,1886,12,17.23,3.72
"flask","dev_flask_03",2024-03-25,2,1071,704,5,15.62,2.12
"flask","dev_flask_03",2024-04-01,4,2149,1050,15,13.73,1.01
"flask","dev_flask_03",2024-04-08,6,4216,1976,6,16.44,4.43
"flask","dev_flask_03",2024-04-15,15,9129,4279,16,19.12,4.72
"flask","dev_flask_03",2024-04-22,4,2167,961,14,15.21,4.11
"flask","dev_flask_03",2024-04-29,9,4674,1932,15,14.55,3.12
"flask","dev_flask_03",2024-05-06,4,2200,1149,7,19.54,3.48
"flask","dev_flask_03",2024-05-13,10,6754,2384,2,15.24,1.48
"flask","dev_flask_03",2024-05-20,7,3954,2004,7,17.55,2.44
"flask","dev_flask_03",2024-05-27,6,3315,1563,3,15.83,4.87
"flask","dev_flask_03",2024-06-03,12,7091,3923,17,17.23,2.85
"flask","dev_flask_03",2024-06-10,7,3100,1695,9,16.9,1.54
"flask","dev_flask_03",2024-06-17,7,5003,2186,10,18.51,4.21
"flask","dev_flask_03",2024-06-24,10,4442,2836,10,20.45,3.76
"flask","dev_flask_04",2024-01-01,7,3073,1065,12,16.88,3.73
"flask","dev_flask_04",2024-01-08,9,4595,2125,12,12.6,2.97
"flask","dev_flask_04",2024-01-22,4,1471,803,4,13.62,3.91
"flask","dev_flask_04",2024-02-12,3,1584,525,2,15.13,4.43
"flask","dev_flask_04",2024-02-19,5,2098,950,5,15.05,3.03
"flask","dev_flask_04",2024-03-04,10,5493,2237,2,17,1.77
"flask","dev_flask_04",2024-03-11,8,4445,1624,8,17.97,1.99
"flask","dev_flask_04",2024-03-18,5,1449,949,5,20.02,2.96
"flask","dev_flask_04",2024-03-25,3,1443,591,5,15.22,1.41
"flask","dev_flask_04",2024-04-08,6,2104,1330,7,15.85,2.55
"flask","dev_flask_04",2024-04-15,5,2390,1023,16,15.43,1.53
"flask","dev_flask_04",2024-04-29,8,3236,1438,10,14.12,3.19
"flask","dev_flask_04",2024-05-06,8,4152,1682,3,11.74,3.71
"flask","dev_flask_04",2024-05-13,8,3560,1381,6,16.09,3.74
"flask","dev_flask_04",2024-05-20,8,4333,1559,12,15.04,3.82
"flask","dev_flask_04",2024-05-27,5,2110,980,16,13.74,3.83
"flask","dev_flask_04",2024-06-03,8,3793,1839,13,17.17,2.74
"flask","dev_flask_04",2024-06-10,2,1009,530,10,16.71,4.19
"flask","dev_flask_04",2024-06-17,5,2711,1161,3,17.35,4.74
"flask","dev_flask_04",2024-06-24,6,2810,919,4,15.16,2.92
"flask","dev_flask_05",2024-01-01,6,4205,1425,15,12.88,3.97
"flask","dev_flask_05",2024-01-08,7,2955,1176,16,15.09,4.39
"flask","dev_flask_05",2024-01-15,7,3930,1638,15,14.7,3.76
"flask","dev_flask_05",2024-01-22,10,4269,2249,16,18.51,3.71
"flask","dev_flask_05",2024-01-29,9,4118,1570,14,16.6,4.58
"flask","dev_flask_05",2024-02-05,10,4154,1779,14,15.26,1.52
"flask","dev_flask_05",2024-02-12,5,2053,821,7,17.21,2.35
"flask","dev_flask_05",2024-02-19,9,3630,1352,16,17.85,2.49
"flask","dev_flask_05",2024-02-26,5,2167,712,14,18.22,1.17
"flask","dev_flask_05",2024-03-04,7,3511,1623,7,15,4.89
"flask","dev_flask_05",2024-03-18,4,1581,614,9,18.56,3.86
"flask","dev_flask_05",2024-03-25,5,2467,863,3,13.97,2.91
"flask","dev_flask_05",2024-04-01,4,1568,785,13,16.55,1.9
"flask","dev_flask_05",2024-04-08,8,3546,2161,2,13.37,3.04
"flask","dev_flask_05",2024-04-15,7,3132,1570,10,16.29,2.89
"flask","dev_flask_05",2024-04-22,7,3317,1427,10,16.74,2.76
"flask","dev_flask_05",2024-04-29,5,2721,920,10,15.82,4.11
"flask","dev_flask_05",2024-05-06,8,4036,1603,6,15.73,3.58
"flask","dev_flask_05",2024-05-13,9,4605,2309,6,16.02,3.65
"flask","dev_flask_05",2024-05-20,5,1768,1003,5,14.1,1.13
"flask","dev_flask_05",2024-05-27,2,601,279,5,18.28,1.44
"flask","dev_flask_05",2024-06-03,7,2686,981,1,19.33,3.94
"flask","dev_flask_05",2024-06-17,8,2721,1623,13,20.38,3.95
"flask","dev_flask_05",2024-06-24,6,2100,838,15,17.12,4.41
"flask","dev_flask_06",2024-01-01,4,586,222,6,12.42,2.18
"flask","dev_flask_06",2024-01-08,0,10,0,1,15.23,4.39
"flask","dev_flask_06",2024-01-15,1,297,159,12,13.21,2.56
"flask","dev_flask_06",2024-01-22,1,222,131,8,11.32,2.3
"flask","dev_flask_06",2024-02-05,0,10,0,4,12.11,1.62
"flask","dev_flask_06",2024-02-12,4,1143,329,12,17.23,4.64
"flask","dev_flask_06",2024-02-19,2,580,155,10,14.84,2.07
"flask","dev_flask_06",2024-02-26,6,1697,426,7,14.55,1.44
"flask","dev_flask_06",2024-03-04,4,744,444,9,12.29,3.13
"flask","dev_flask_06",2024-03-11,1,384,45,10,16.53,4.61
"flask","dev_flask_06",2024-03-18,6,1552,540,12,14.14,2.72
"flask","dev_flask_06",2024-03-25,5,956,538,10,13.37,3.49
"flask","dev_flask_06",2024-04-01,1,160,164,4,13.42,1.7
"flask","dev_flask_06",2024-04-15,3,1103,149,2,14.16,4.58
"flask","dev_flask_06",2024-04-22,2,428,162,11,14.41,1.51
"flask","dev_flask_06",2024-04-29,1,150,88,7,15.18,3.11
"flask","dev_flask_06",2024-05-06,3,822,374,12,15.96,2.76
"flask","dev_flask_06",2024-05-13,5,1060,281,8,12.45,2.98
"flask","dev_flask_06",2024-05-27,2,644,230,12,16.19,2.39
"flask","dev_flask_06",2024-06-03,2,436,162,5,14.06,1.86
"flask","dev_flask_06",2024-06-10,1,325,146,8,15.35,3.7
"flask","dev_flask_06",2024-06-17,3,753,368,11,18.2,2.71
"flask","dev_flask_07",2024-01-01,8,2666,1254,3,16.8,4.05
"flask","dev_flask_07",2024-01-08,3,1497,436,12,15.15,1.71
"flask","dev_flask_07",2024-01-15,2,585,279,14,17.05,1.99
"flask","dev_flask_07",2024-01-22,3,1386,577,9,12.06,4.04
"flask","dev_flask_07",2024-02-12,6,1790,727,4,11.43,1.18
"flask","dev_flask_07",2024-02-19,5,1729,725,13,18.96,2.32
"flask","dev_flask_07",2024-02-26,8,3034,1754,10,18.43,1.01
"flask","dev_flask_07",2024-03-04,10,4727,1839,4,20.58,1.65
"flask","dev_flask_07",2024-03-11,5,1755,988,11,15.58,4.65
"flask","dev_flask_07",2024-03-18,3,1382,303,5,13.37,3.82
"flask","dev_flask_07",2024-03-25,5,1625,579,10,16.25,1.92
"flask","dev_flask_07",2024-04-01,8,2102,1339,10,13.53,1.58
"flask","dev_flask_07",2024-04-08,3,1092,548,3,14.58,4.95
"flask","dev_flask_07",2024-04-15,6,2186,1000,5,17.15,4.38
"flask","dev_flask_07",2024-05-06,5,2191,642,5,16.7,3.16
"flask","dev_flask_07",2024-05-13,11,2566,2272,2,17.28,3.68
"flask","dev_flask_07",2024-05-27,6,2543,1030,10,11.76,1.58
"flask","dev_flask_07",2024-06-10,5,1817,925,3,16.43,1.21
"flask","dev_flask_07",2024-06-17,6,1605,911,7,15.8,2.02
"flask","dev_flask_08",2024-01-01,3,1604,531,2,19.21,1.8
"flask","dev_flask_08",2024-01-15,5,2620,909,8,18.18,4.24
"flask","dev_flask_08",2024-01-22,7,2900,1323,10,16.47,2.89
"flask","dev_flask_08",2024-01-29,6,2148,1089,7,12.79,1.77
"flask","dev_flask_08",2024-02-05,6,1861,1143,2,16.38,2.7
"flask","dev_flask_08",2024-02-12,11,6230,2214,8,14.53,4.65
"flask","dev_flask_08",2024-02-26,9,3231,686,11,16.01,3.26
"flask","dev_flask_08",2024-03-04,6,2109,1233,10,14.41,1.66
"flask","dev_flask_08",2024-03-11,2,778,324,8,12.34,1.2
"flask","dev_flask_08",2024-03-25,7,3074,1055,14,11.06,2
"flask","dev_flask_08",2024-04-01,4,1584,720,13,15.29,1.59
"flask","dev_flask_08",2024-04-08,11,4352,2426,7,13.74,3.37
"flask","dev_flask_08",2024-04-29,7,2621,1739,11,15.85,3.81
"flask","dev_flask_08",2024-05-13,2,1072,235,14,16.95,1.07
"flask","dev_flask_08",2024-05-27,2,706,316,9,12.49,2.92
"flask","dev_flask_08",2024-06-03,4,1669,419,13,14.31,1.55
"flask","dev_flask_08",2024-06-10,4,1480,617,15,16.9,3.57
"flask","dev_flask_08",2024-06-17,3,1331,517,6,18.36,1.56
"flask","dev_flask_08",2024-06-24,11,3362,2829,3,17.92,4.39
"django","dev_django_01",2024-01-01,11,7232,3255,13,18.02,3.5
"django","dev_django_01",2024-01-08,8,3920,2475,11,15.66,3.43
"django","dev_django_01",2024-01-15,5,3223,1724,18,19.69,2
"django","dev_django_01",2024-01-29,5,2739,1187,19,19.15,4.17
"django","dev_django_01",2024-02-12,9,6838,3176,19,16.63,4.24
"django","dev_django_01",2024-02-26,7,4485,2008,1,13.73,2.06
"django","dev_django_01",2024-03-04,12,4841,2466,16,17.05,3.74
"django","dev_django_01",2024-03-11,13,6139,3215,7,20.83,2.31
"django","dev_django_01",2024-03-18,2,1322,441,17,18.58,1.2
"django","dev_django_01",2024-03-25,7,3707,1916,2,15.01,4.93
"django","dev_django_01",2024-04-01,3,2386,817,18,19.3,2.1
"django","dev_django_01",2024-04-08,9,4765,1609,15,18.06,1.07
"django","dev_django_01",2024-04-15,4,2341,1248,14,16.63,3.87
"django","dev_django_01",2024-04-22,5,2286,982,2,18.12,3.06
"django","dev_django_01",2024-04-29,9,6328,2461,2,17.37,2.72
"django","dev_django_01",2024-05-06,5,2803,1466,9,14.8,4.01
"django","dev_django_01",2024-05-13,7,3982,1474,11,15.72,4.34
"django","dev_django_01",2024-05-20,8,3953,2095,5,15.89,2.63
"django","dev_django_01",2024-05-27,6,3516,1670,18,13.47,1.35
"django","dev_django_01",2024-06-03,10,5286,2353,5,17.53,2.87
"django","dev_django_01",2024-06-10,5,2444,1507,15,18.6,1.22
"django","dev_django_01",2024-06-17,6,4693,1702,19,19.01,4.59
"django","dev_django_01",2024-06-24,7,3446,2198,8,15.14,4.93
"django","dev_django_02",2024-01-01,3,1231,307,8,14.21,2.09
"django","dev_django_02",2024-01-08,3,1047,378,4,11.52,1.8
"django","dev_django_02",2024-01-15,9,3455,1438,4,16.29,4.35
"django","dev_django_02",2024-01-22,9,3741,1625,3,17.8,4.45
"django","dev_django_02",2024-02-05,6,2378,903,9,12.55,2.09
"django","dev_django_02",2024-02-12,3,1418,562,12,14.91,4.27
"django","dev_django_02",2024-02-19,5,1559,949,10,16.02,1.43
"django","dev_django_02",2024-02-26,2,748,427,4,13.37,4.2
"django","dev_django_02",2024-03-11,4,858,649,10,14.8,3.03
"django","dev_django_02",2024-03-18,4,876,519,13,11.8,3.66
"django","dev_django_02",2024-03-25,6,2685,931,3,16.45,4.51
"django","dev_django_02",2024-04-01,5,2017,1058,7,15.79,3.87
"django","dev_django_02",2024-04-08,4,1313,646,6,13.95,1.14
"django","dev_django_02",2024-04-15,7,2693,969,12,15.46,2.52
"django","dev_django_02",2024-04-22,3,1076,497,14,15.78,4.72
"django","dev_django_02",2024-04-29,6,2499,1029,9,14.32,1.93
"django","dev_django_02",2024-05-06,9,4017,972,7,14.26,4.22
"django","dev_django_02",2024-05-13,5,2137,900,10,16.57,1.88
"django","dev_django_02",2024-05-27,3,961,362,4,13.1,3.67
"django","dev_django_02",2024-06-10,6,2423,918,9,14.13,1.42
"django","dev_django_02",2024-06-17,3,915,509,4,14.89,4.96
"django","dev_django_02",2024-06-24,10,2458,2068,10,17.97,2.58
"django","dev_django_03",2024-01-01,6,2256,1022,8,15.55,3.43
"django","dev_django_03",2024-01-08,8,4539,1663,4,12.35,4.22
"django","dev_django_03",2024-01-15,4,1872,1004,2,15.98,2.25
"django","dev_django_03",2024-01-29,9,4727,1585,16,13.96,1.46
"django","dev_django_03",2024-02-05,7,2689,1520,9,15.28,4.68
"django","dev_django_03",2024-02-12,5,1970,1378,3,13.93,3.29
"django","dev_django_03",2024-02-19,7,3875,1151,13,17.84,3.14
"django","dev_django_03",2024-02-26,9,4332,1723,12,14.83,4.68
"django","dev_django_03",2024-03-04,3,1912,690,16,18.68,2.78
"django","dev_django_03",2024-03-11,10,5458,2134,13,14.71,1.67
"django","dev_django_03",2024-03-25,4,1246,754,8,12.45,3.39
"django","dev_django_03",2024-04-01,3,1292,909,17,18.96,2.03
"django","dev_django_03",2024-04-08,2,1200,538,14,12.99,2.81
"django","dev_django_03",2024-04-15,6,3637,1007,2,17.95,4.92
"django","dev_django_03",2024-04-22,10,5498,2321,12,17.68,4.67
"django","dev_django_03",2024-04-29,3,1414,783,17,12.25,3.66
"django","dev_django_03",2024-05-06,6,2719,1180,7,17.8,4.95
"django","dev_django_03",2024-05-13,7,3968,1340,9,17.24,2.78
"django","dev_django_03",2024-05-20,9,5550,2079,12,14.36,2
"django","dev_django_03",2024-05-27,4,1694,837,16,14.2,3.45
"django","dev_django_03",2024-06-03,4,2076,731,1,16.38,3.91
"django","dev_django_03",2024-06-10,8,4896,1522,4,15.73,1.29
"django","dev_django_03",2024-06-17,6,2243,1223,15,16.5,1.32
"django","dev_django_03",2024-06-24,5,3065,1583,13,19.43,4.83
"django","dev_django_04",2024-01-01,5,2307,1215,11,15.82,1.53
"django","dev_django_04",2024-01-08,7,4467,1763,17,13.56,4.64
"django","dev_django_04",2024-01-15,7,3707,1573,16,17.6,4.53
"django","dev_django_04",2024-01-29,3,2125,807,3,17.12,3.71
"django","dev_django_04",2024-02-05,10,4922,2027,4,15.55,4.41
"django","dev_django_04",2024-02-12,5,3393,1158,6,17.88,2.27
"django","dev_django_04",2024-02-19,11,4670,2566,14,17.63,2.28
"django","dev_django_04",2024-02-26,9,4340,2625,13,16.31,4.98
"django","dev_django_04",2024-03-11,7,3077,1528,2,15.48,3.06
"django","dev_django_04",2024-03-18,5,2801,1192,15,14.87,3.16
"django","dev_django_04",2024-03-25,6,3029,1264,6,16.21,1.97
"django","dev_django_04",2024-04-01,7,4446,1834,10,14.02,2.93
"django","dev_django_04",2024-04-08,12,4476,3145,15,15.49,1.09
"django","dev_django_04",2024-04-15,7,4824,1300,2,18.04,1.89
"django","dev_django_04",2024-04-22,6,2503,1310,6,17.29,3.36
"django","dev_django_04",2024-04-29,5,2852,1397,10,20.59,4.26
"django","dev_django_04",2024-05-06,10,5287,2298,9,18.06,4.78
"django","dev_django_04",2024-05-13,2,1163,435,13,18.35,2.31
"django","dev_django_04",2024-05-20,10,5139,1853,2,16.76,4.6
"django","dev_django_04",2024-05-27,6,2229,1567,4,15.46,4.48
"django","dev_django_04",2024-06-03,9,3310,2252,8,18.37,1.18
"django","dev_django_04",2024-06-10,8,5429,2298,3,19.42,4.82
"django","dev_django_04",2024-06-24,6,3676,1988,5,17.16,1.8
"django","dev_django_05",2024-01-01,6,2890,1576,10,16.59,2.43
"django","dev_django_05",2024-01-08,2,1158,448,9,21.02,2.71
"django","dev_django_05",2024-01-15,7,3761,1935,9,16.23,2.99
"django","dev_django_05",2024-01-22,7,3783,1813,6,23.09,3.81
"django","dev_django_05",2024-01-29,9,4468,2043,2,12.24,2.11
"django","dev_django_05",2024-02-05,10,5879,1991,14,16.78,4.69
"django","dev_django_05",2024-02-12,5,3069,1703,2,14.52,1.36
"django","dev_django_05",2024-02-19,9,4069,2395,15,15.52,3.17
"django","dev_django_05",2024-02-26,8,4876,1945,5,17.52,4.14
"django","dev_django_05",2024-03-04,11,6718,2615,4,17.21,3.96
"django","dev_django_05",2024-03-11,6,3265,1694,9,17.88,2.1
"django","dev_django_05",2024-03-18,4,1770,970,11,14.44,2.67
"django","dev_django_05",2024-04-08,4,2044,1168,14,14.1,2.21
"django","dev_django_05",2024-04-15,10,6473,2012,10,17.12,2.78
"django","dev_django_05",2024-04-22,8,4376,2058,11,19.81,4.76
"django","dev_django_05",2024-04-29,8,4180,2312,14,13.18,4.58
"django","dev_django_05",2024-05-06,7,3309,1667,9,18.41,4.62
"django","dev_django_05",2024-05-13,9,5733,2782,5,17.25,4.07
"django","dev_django_05",2024-05-20,5,3127,1512,15,17.2,4.59
"django","dev_django_05",2024-05-27,7,4166,1938,11,15.17,2.83
"django","dev_django_05",2024-06-03,8,4224,1953,2,17.5,2.48
"django","dev_django_05",2024-06-10,3,1585,824,6,14.29,1.06
"django","dev_django_05",2024-06-17,6,3319,1984,3,16.12,1.5
"django","dev_django_05",2024-06-24,4,2509,1257,18,17.28,4.52
"django","dev_django_06",2024-01-01,5,1519,1149,18,17.21,4.81
"django","dev_django_06",2024-01-08,10,4412,2569,9,16.13,3.58
"django","dev_django_06",2024-01-15,10,3739,2470,13,15.27,3.06
"django","dev_django_06",2024-01-22,7,4348,1423,10,17.12,2.23
"django","dev_django_06",2024-02-12,7,4250,1434,17,17.82,2.18
"django","dev_django_06",2024-02-26,7,3089,1509,8,18.36,3.09
"django","dev_django_06",2024-03-04,8,4107,1313,5,16.71,3.22
"django","dev_django_06",2024-03-11,4,1892,1064,12,15.02,2.54
"django","dev_django_06",2024-03-18,7,3254,1661,3,14.62,3.99
"django","dev_django_06",2024-03-25,9,3540,2354,13,16.79,4.27
"django","dev_django_06",2024-04-01,5,1773,1184,16,18.8,1.65
"django","dev_django_06",2024-04-15,7,2692,1930,15,19.43,2.66
"django","dev_django_06",2024-04-22,3,1662,523,13,17.33,1.55
"django","dev_django_06",2024-04-29,6,3053,1613,6,17.49,1.02
"django","dev_django_06",2024-05-06,10,3003,2224,1,15.26,4.97
"django","dev_django_06",2024-05-13,5,2813,1193,9,13.87,2.7
"django","dev_django_06",2024-05-20,4,2386,974,5,17.21,1.51
"django","dev_django_06",2024-05-27,5,2737,1024,10,14.3,4.66
"django","dev_django_06",2024-06-03,5,3151,769,6,16.83,4.01
"django","dev_django_06",2024-06-17,6,2485,1325,4,11.48,3.35
"django","dev_django_06",2024-06-24,6,3514,1432,17,14.89,3.08
"django","dev_django_07",2024-01-01,10,5638,2446,8,18.42,3.39
"django","dev_django_07",2024-01-08,7,4174,1492,9,15.56,4.99
"django","dev_django_07",2024-01-15,5,2606,1193,16,19.03,4.06
"django","dev_django_07",2024-01-22,9,5931,2167,17,15.35,1.36
"django","dev_django_07",2024-01-29,2,1035,499,10,13.52,2.19
"django","dev_django_07",2024-02-05,14,4939,3460,15,12.31,2.89
"django","dev_django_07",2024-02-12,6,3924,1524,12,13.69,2.26
"django","dev_django_07",2024-02-19,8,3448,1941,15,20.91,2.56
"django","dev_django_07",2024-02-26,5,2604,1114,6,15.82,1.01
"django","dev_django_07",2024-03-04,12,5263,2249,13,17.97,3.38
"django","dev_django_07",2024-03-11,7,3833,1744,13,15.97,4.62
"django","dev_django_07",2024-03-18,5,3780,1098,13,14.74,1.91
"django","dev_django_07",2024-03-25,6,4058,1496,19,11.52,3.05
"django","dev_django_07",2024-04-01,10,5887,2851,1,18.05,3.41
"django","dev_django_07",2024-04-08,6,2775,1282,9,15.18,3.57
"django","dev_django_07",2024-04-15,11,5032,3123,12,18.21,3.2
"django","dev_django_07",2024-04-29,8,4475,2297,5,17.55,4.93
"django","dev_django_07",2024-05-06,5,1846,1679,2,13.71,4.35
"django","dev_django_07",2024-05-20,9,5438,2517,11,15.39,4.27
"django","dev_django_07",2024-06-03,13,6388,4324,8,20,2.11
"django","dev_django_07",2024-06-10,7,3544,1540,8,18.01,3.82
"django","dev_django_07",2024-06-17,9,4345,2271,15,17.97,4.8
"django","dev_django_07",2024-06-24,4,1782,894,13,16.19,3.43
"django","dev_django_08",2024-01-01,5,1843,797,4,14.4,1.51
"django","dev_django_08",2024-01-08,5,2666,1275,2,14.05,2.14
"django","dev_django_08",2024-01-15,7,3418,1677,7,18.79,1.94
"django","dev_django_08",2024-01-22,3,1520,647,4,21.42,1.11
"django","dev_django_08",2024-01-29,10,5140,2367,6,15.96,4.08
"django","dev_django_08",2024-02-05,10,4243,1742,14,13.33,2.02
"django","dev_django_08",2024-02-12,5,3346,1006,7,16.01,1.62
"django","dev_django_08",2024-02-19,8,4426,1555,2,20.86,1.15
"django","dev_django_08",2024-02-26,4,1673,861,14,15.97,4.62
"django","dev_django_08",2024-03-04,5,3309,1310,12,16.84,4.29
"django","dev_django_08",2024-03-11,4,1613,1041,15,18.24,3.11
"django","dev_django_08",2024-03-25,8,3353,2619,9,19.54,1.13
"django","dev_django_08",2024-04-01,6,3108,1480,8,17.6,3.53
"django","dev_django_08",2024-04-08,5,3022,966,6,19.25,4.74
"django","dev_django_08",2024-04-15,6,2564,1126,16,12.72,1.87
"django","dev_django_08",2024-04-22,10,3736,2489,14,19.63,3.93
"django","dev_django_08",2024-04-29,11,5793,2826,15,10.48,2.52
"django","dev_django_08",2024-05-06,6,3484,1735,3,14.83,2.09
"django","dev_django_08",2024-05-13,6,3526,1691,12,18.22,2.36
"django","dev_django_08",2024-05-20,3,1156,656,10,13.72,2.76
"django","dev_django_08",2024-05-27,7,2952,1663,15,19.01,4.05
"django","dev_django_08",2024-06-03,9,4967,2264,14,15.43,1.19
"django","dev_django_08",2024-06-17,4,2030,979,9,16.44,4.86
"django","dev_django_08",2024-06-24,8,3518,1463,2,15.13,2.11
"scikit-learn","dev_scikit-learn_01",2024-01-01,4,935,529,4,14.78,2.32
"scikit-learn","dev_scikit-learn_01",2024-01-08,3,858,179,4,19.69,2.27
"scikit-learn","dev_scikit-learn_01",2024-01-15,3,731,140,7,12.53,3.68
"scikit-learn","dev_scikit-learn_01",2024-01-22,3,855,399,6,15.63,2.55
"scikit-learn","dev_scikit-learn_01",2024-01-29,7,1899,501,11,15.28,2.37
"scikit-learn","dev_scikit-learn_01",2024-02-05,1,238,178,11,16.37,4.33
"scikit-learn","dev_scikit-learn_01",2024-02-12,1,189,122,4,15.54,4.31
"scikit-learn","dev_scikit-learn_01",2024-02-19,2,579,144,10,10.93,2.6
"scikit-learn","dev_scikit-learn_01",2024-02-26,8,1720,1116,7,13.93,4.96
"scikit-learn","dev_scikit-learn_01",2024-03-11,7,2683,840,2,16.24,3.89
"scikit-learn","dev_scikit-learn_01",2024-03-25,5,600,424,11,14.61,3.14
"scikit-learn","dev_scikit-learn_01",2024-04-08,5,1178,482,5,14.03,1.34
"scikit-learn","dev_scikit-learn_01",2024-04-15,5,1214,331,10,15.55,3.24
"scikit-learn","dev_scikit-learn_01",2024-04-29,2,464,184,6,13.25,1.97
"scikit-learn","dev_scikit-learn_01",2024-05-06,4,1313,357,12,19.32,1.25
"scikit-learn","dev_scikit-learn_01",2024-05-27,3,1688,108,10,15.2,2.6
"scikit-learn","dev_scikit-learn_01",2024-06-03,2,585,224,10,11.44,3.85
"scikit-learn","dev_scikit-learn_01",2024-06-10,4,661,293,9,13.19,1.89
"scikit-learn","dev_scikit-learn_01",2024-06-24,4,1245,329,4,10.38,4.8
"scikit-learn","dev_scikit-learn_02",2024-01-01,4,1291,236,12,15.92,4.79
"scikit-learn","dev_scikit-learn_02",2024-01-08,1,269,130,10,14.01,2.2
"scikit-learn","dev_scikit-learn_02",2024-01-15,6,1274,655,11,15.33,1.38
"scikit-learn","dev_scikit-learn_02",2024-01-22,4,1602,722,6,13.75,3.83
"scikit-learn","dev_scikit-learn_02",2024-01-29,3,818,407,11,15.83,3.33
"scikit-learn","dev_scikit-learn_02",2024-02-05,2,669,132,8,12.57,4.48
"scikit-learn","dev_scikit-learn_02",2024-02-12,6,2562,713,8,15.56,3.45
"scikit-learn","dev_scikit-learn_02",2024-02-26,3,706,485,11,12.7,2.79
"scikit-learn","dev_scikit-learn_02",2024-03-04,2,749,110,11,12.99,1.52
"scikit-learn","dev_scikit-learn_02",2024-03-11,6,1338,642,4,11.69,2.13
"scikit-learn","dev_scikit-learn_02",2024-03-25,3,1130,193,10,13.09,3.77
"scikit-learn","dev_scikit-learn_02",2024-04-01,6,1080,637,3,15.65,2.08
"scikit-learn","dev_scikit-learn_02",2024-04-08,2,779,226,9,11.52,4.01
"scikit-learn","dev_scikit-learn_02",2024-04-15,9,1864,1008,10,14.37,4
"scikit-learn","dev_scikit-learn_02",2024-04-22,2,849,244,9,13.59,3.5
"scikit-learn","dev_scikit-learn_02",2024-04-29,2,566,236,10,17.11,4.2
"scikit-learn","dev_scikit-learn_02",2024-05-06,7,963,668,6,17.6,4.63
"scikit-learn","dev_scikit-learn_02",2024-05-13,2,639,234,10,15.39,2.46
"scikit-learn","dev_scikit-learn_02",2024-05-20,5,1559,474,5,14.85,4.91
"scikit-learn","dev_scikit-learn_02",2024-06-03,7,2261,909,12,14.52,2.19
"scikit-learn","dev_scikit-learn_02",2024-06-10,4,1013,371,11,21.79,3.83
"scikit-learn","dev_scikit-learn_02",2024-06-17,1,286,121,5,17.57,3
"scikit-learn","dev_scikit-learn_02",2024-06-24,7,915,742,11,16.53,1.15
"scikit-learn","dev_scikit-learn_03",2024-01-01,5,2232,838,4,14.73,3.26
"scikit-learn","dev_scikit-learn_03",2024-01-08,5,2627,1210,6,14.88,2.58
"scikit-learn","dev_scikit-learn_03",2024-01-15,8,4065,1505,10,14.95,1.83
"scikit-learn","dev_scikit-learn_03",2024-01-22,4,1663,1022,14,16.94,1.15
"scikit-learn","dev_scikit-learn_03",2024-01-29,7,2313,1617,15,15.71,4.54
"scikit-learn","dev_scikit-learn_03",2024-02-12,5,1684,1216,16,15.62,1.55
"scikit-learn","dev_scikit-learn_03",2024-02-26,10,5099,2498,10,15.49,3.68
"scikit-learn","dev_scikit-learn_03",2024-03-04,5,2367,1006,12,12.96,1.53
"scikit-learn","dev_scikit-learn_03",2024-03-11,10,2942,2329,11,16.64,2.8
"scikit-learn","dev_scikit-learn_03",2024-03-18,4,1341,833,10,12.77,4
"scikit-learn","dev_scikit-learn_03",2024-03-25,7,3311,1910,2,18.94,1.22
"scikit-learn","dev_scikit-learn_03",2024-04-01,6,2343,1340,16,15.6,3.03
"scikit-learn","dev_scikit-learn_03",2024-04-08,6,3084,1124,9,19.57,1.35
"scikit-learn","dev_scikit-learn_03",2024-04-22,5,2562,1109,4,19.4,1.27
"scikit-learn","dev_scikit-learn_03",2024-04-29,3,1329,785,7,15.06,2.17
"scikit-learn","dev_scikit-learn_03",2024-05-06,5,2469,1121,12,13.22,2.86
"scikit-learn","dev_scikit-learn_03",2024-05-13,3,1114,763,4,14.5,3.17
"scikit-learn","dev_scikit-learn_03",2024-05-20,4,1676,657,4,14.36,2.88
"scikit-learn","dev_scikit-learn_03",2024-06-03,4,1603,995,10,12.59,4.39
"scikit-learn","dev_scikit-learn_03",2024-06-10,14,6717,3454,14,17.02,2.87
"scikit-learn","dev_scikit-learn_03",2024-06-17,4,1609,1105,17,16.05,2.79
"scikit-learn","dev_scikit-learn_03",2024-06-24,6,2998,1303,11,14.65,1.61
"scikit-learn","dev_scikit-learn_04",2024-01-01,11,7598,3015,2,19.25,3.44
"scikit-learn","dev_scikit-learn_04",2024-01-08,8,6199,2552,6,16.64,4.01
"scikit-learn","dev_scikit-learn_04",2024-01-15,7,4455,1332,14,18.06,3.87
"scikit-learn","dev_scikit-learn_04",2024-01-22,8,4575,2765,18,15.79,4.41
"scikit-learn","dev_scikit-learn_04",2024-01-29,6,3350,1174,3,18.45,3.66
"scikit-learn","dev_scikit-learn_04",2024-02-05,8,4547,2102,9,15.81,1.91
"scikit-learn","dev_scikit-learn_04",2024-02-12,10,6876,2371,7,15.74,2.94
"scikit-learn","dev_scikit-learn_04",2024-02-19,5,2510,1240,6,19.21,1.38
"scikit-learn","dev_scikit-learn_04",2024-02-26,9,5352,2634,18,16.97,1.13
"scikit-learn","dev_scikit-learn_04",2024-03-04,6,3821,1810,6,19.45,2.29
"scikit-learn","dev_scikit-learn_04",2024-03-11,11,5683,3469,2,15.75,3.65
"scikit-learn","dev_scikit-learn_04",2024-03-18,17,11775,4531,5,18.26,2.59
"scikit-learn","dev_scikit-learn_04",2024-03-25,9,4600,2353,19,19.01,3.56
"scikit-learn","dev_scikit-learn_04",2024-04-01,13,7926,2590,14,15.43,4.8
"scikit-learn","dev_scikit-learn_04",2024-04-22,6,3174,2120,6,13.57,3.52
"scikit-learn","dev_scikit-learn_04",2024-04-29,5,3016,1295,2,15.79,3.14
"scikit-learn","dev_scikit-learn_04",2024-05-13,11,6371,3774,12,16.18,2.4
"scikit-learn","dev_scikit-learn_04",2024-05-20,7,4290,1834,14,16.93,2.7
"scikit-learn","dev_scikit-learn_04",2024-05-27,10,5638,3018,20,13.44,2.29
"scikit-learn","dev_scikit-learn_04",2024-06-03,6,3597,1728,12,18.03,1.45
"scikit-learn","dev_scikit-learn_04",2024-06-17,8,5817,2416,13,14.66,2.42
"scikit-learn","dev_scikit-learn_05",2024-01-01,2,548,429,1,13.32,4.99
"scikit-learn","dev_scikit-learn_05",2024-01-15,4,663,420,7,15.58,2.59
"scikit-learn","dev_scikit-learn_05",2024-01-22,8,2374,1380,9,17.36,4.57
"scikit-learn","dev_scikit-learn_05",2024-02-05,5,1130,819,1,16.8,2.14
"scikit-learn","dev_scikit-learn_05",2024-02-19,5,1761,1067,14,16.88,3.22
"scikit-learn","dev_scikit-learn_05",2024-02-26,5,1100,710,13,12.8,2.15
"scikit-learn","dev_scikit-learn_05",2024-03-11,4,894,164,8,16.11,2.92
"scikit-learn","dev_scikit-learn_05",2024-03-18,3,480,434,3,13.96,4.58
"scikit-learn","dev_scikit-learn_05",2024-03-25,2,980,245,3,17.98,1.69
"scikit-learn","dev_scikit-learn_05",2024-04-01,3,1249,445,9,16.57,2.83
"scikit-learn","dev_scikit-learn_05",2024-04-08,1,357,137,7,12.22,1.97
"scikit-learn","dev_scikit-learn_05",2024-04-15,4,1339,540,4,17.87,4.46
"scikit-learn","dev_scikit-learn_05",2024-04-22,4,1101,379,2,13.47,2.47
"scikit-learn","dev_scikit-learn_05",2024-04-29,5,1100,630,8,15.72,3.87
"scikit-learn","dev_scikit-learn_05",2024-05-06,2,512,312,9,13.81,1.89
"scikit-learn","dev_scikit-learn_05",2024-05-20,1,396,165,14,13.49,1.41
"scikit-learn","dev_scikit-learn_05",2024-06-10,8,2946,909,9,16.06,3.38
"scikit-learn","dev_scikit-learn_05",2024-06-17,6,2066,687,3,14.05,4.48
"scikit-learn","dev_scikit-learn_05",2024-06-24,2,565,138,13,12.94,4.05
"scikit-learn","dev_scikit-learn_06",2024-01-01,3,432,355,13,14.83,1.98
"scikit-learn","dev_scikit-learn_06",2024-01-15,0,10,0,8,13.39,3.47
"scikit-learn","dev_scikit-learn_06",2024-01-22,6,2090,837,5,15.24,2.59
"scikit-learn","dev_scikit-learn_06",2024-01-29,2,421,308,5,15.55,4.83
"scikit-learn","dev_scikit-learn_06",2024-02-05,6,1885,789,3,14.8,2.58
"scikit-learn","dev_scikit-learn_06",2024-02-19,4,1073,431,10,12.8,2.51
"scikit-learn","dev_scikit-learn_06",2024-03-18,1,235,184,10,11.7,2.13
"scikit-learn","dev_scikit-learn_06",2024-03-25,2,699,324,6,15.34,2.51
"scikit-learn","dev_scikit-learn_06",2024-04-01,3,984,423,2,14.27,4.43
"scikit-learn","dev_scikit-learn_06",2024-04-08,5,1334,613,4,15.15,3.49
"scikit-learn","dev_scikit-learn_06",2024-04-15,5,1069,380,6,16.83,2.77
"scikit-learn","dev_scikit-learn_06",2024-04-22,2,223,212,13,16.32,1.34
"scikit-learn","dev_scikit-learn_06",2024-05-06,4,1412,351,3,14.43,1.22
"scikit-learn","dev_scikit-learn_06",2024-05-27,3,962,411,13,14.64,1.76
"scikit-learn","dev_scikit-learn_06",2024-06-03,6,1142,834,14,13,1.5
"scikit-learn","dev_scikit-learn_06",2024-06-10,5,2262,610,12,19.38,4.35
"scikit-learn","dev_scikit-learn_06",2024-06-24,4,1279,685,14,11.41,2.36
"scikit-learn","dev_scikit-learn_07",2024-01-08,7,2346,1484,11,15.63,3.14
"scikit-learn","dev_scikit-learn_07",2024-01-15,4,1151,763,6,15.23,2.17
"scikit-learn","dev_scikit-learn_07",2024-01-22,8,3793,2203,15,13.22,2.64
"scikit-learn","dev_scikit-learn_07",2024-01-29,10,4780,2641,8,16.44,4.01
"scikit-learn","dev_scikit-learn_07",2024-02-05,9,3741,2123,1,15.25,3.24
"scikit-learn","dev_scikit-learn_07",2024-02-12,7,2842,1260,7,18.46,4.56
"scikit-learn","dev_scikit-learn_07",2024-02-19,11,5213,1792,13,19.7,3.69
"scikit-learn","dev_scikit-learn_07",2024-03-04,4,2258,1013,9,15.39,3.4
"scikit-learn","dev_scikit-learn_07",2024-03-11,6,2774,1574,5,15.29,2.98
"scikit-learn","dev_scikit-learn_07",2024-03-18,6,4052,727,14,17.02,1.07
"scikit-learn","dev_scikit-learn_07",2024-03-25,1,643,292,8,15.88,4.44
"scikit-learn","dev_scikit-learn_07",2024-04-01,10,4997,2495,17,14.12,1.62
"scikit-learn","dev_scikit-learn_07",2024-04-08,6,2474,1384,4,16.07,3.73
"scikit-learn","dev_scikit-learn_07",2024-04-15,11,6136,2970,17,16.84,4.93
"scikit-learn","dev_scikit-learn_07",2024-04-22,7,4019,1614,11,16.39,1.74
"scikit-learn","dev_scikit-learn_07",2024-04-29,9,5146,1742,17,14.73,2.42
"scikit-learn","dev_scikit-learn_07",2024-05-06,6,2721,1165,15,17.81,1.29
"scikit-learn","dev_scikit-learn_07",2024-05-13,6,3145,1128,2,17.58,1.17
"scikit-learn","dev_scikit-learn_07",2024-05-20,4,2347,946,13,14.75,1.24
"scikit-learn","dev_scikit-learn_07",2024-05-27,9,5676,1744,8,16.74,4.97
"scikit-learn","dev_scikit-learn_07",2024-06-03,8,3324,1560,18,17.79,1.04
"scikit-learn","dev_scikit-learn_07",2024-06-10,12,6276,2687,8,14.88,3.59
"scikit-learn","dev_scikit-learn_07",2024-06-17,2,1000,484,14,12.28,2.36
"scikit-learn","dev_scikit-learn_07",2024-06-24,8,3928,2287,16,14.87,3.91
"scikit-learn","dev_scikit-learn_08",2024-01-01,3,401,250,7,14.53,2.05
"scikit-learn","dev_scikit-learn_08",2024-02-05,4,1274,535,4,12.96,4.58
"scikit-learn","dev_scikit-learn_08",2024-02-12,4,995,344,13,18.79,3.14
"scikit-learn","dev_scikit-learn_08",2024-02-26,5,1088,120,4,13.32,3.1
"scikit-learn","dev_scikit-learn_08",2024-03-04,3,990,374,7,16.42,4.19
"scikit-learn","dev_scikit-learn_08",2024-03-11,2,571,275,11,13.33,2.01
"scikit-learn","dev_scikit-learn_08",2024-03-18,4,1142,303,7,15.76,3.7
"scikit-learn","dev_scikit-learn_08",2024-03-25,8,592,1250,2,12.32,2.76
"scikit-learn","dev_scikit-learn_08",2024-04-01,1,229,99,7,13.43,1.15
"scikit-learn","dev_scikit-learn_08",2024-04-22,2,374,161,2,17.56,2.39
"scikit-learn","dev_scikit-learn_08",2024-04-29,4,327,375,10,18.35,1.26
"scikit-learn","dev_scikit-learn_08",2024-05-13,2,774,71,6,15.17,4.54
"scikit-learn","dev_scikit-learn_08",2024-05-20,5,1849,505,8,15.9,1.61
"scikit-learn","dev_scikit-learn_08",2024-05-27,4,1175,304,12,16.08,1.18
"scikit-learn","dev_scikit-learn_08",2024-06-03,6,1672,1145,3,15.3,3.86
"scikit-learn","dev_scikit-learn_08",2024-06-10,4,749,213,4,9.9,1.69
"scikit-learn","dev_scikit-learn_08",2024-06-24,4,753,399,4,13.35,4.35
"numpy","dev_numpy_01",2024-01-01,2,515,265,7,10.72,1.65
"numpy","dev_numpy_01",2024-01-08,6,1804,492,3,13.68,2.2
"numpy","dev_numpy_01",2024-01-15,3,399,266,4,16.2,1.52
"numpy","dev_numpy_01",2024-01-22,3,789,392,12,13.09,4.4
"numpy","dev_numpy_01",2024-02-05,2,371,298,11,16.05,2
"numpy","dev_numpy_01",2024-02-12,1,344,23,2,12.31,3.18
"numpy","dev_numpy_01",2024-02-26,3,400,189,6,14.52,4.03
"numpy","dev_numpy_01",2024-03-04,4,929,170,9,15.17,3.41
"numpy","dev_numpy_01",2024-03-11,4,584,176,3,17.62,3.62
"numpy","dev_numpy_01",2024-03-18,2,331,293,3,13.48,3.85
"numpy","dev_numpy_01",2024-03-25,5,1318,602,4,13.01,4.54
"numpy","dev_numpy_01",2024-04-08,5,1377,249,3,10.76,1.03
"numpy","dev_numpy_01",2024-04-15,5,614,186,1,14.68,2.54
"numpy","dev_numpy_01",2024-04-29,7,2942,424,4,19.27,2.1
"numpy","dev_numpy_01",2024-05-06,4,555,404,12,13.94,1.96
"numpy","dev_numpy_01",2024-05-13,3,945,360,1,14.63,3.25
"numpy","dev_numpy_01",2024-05-27,5,1545,632,9,15.28,2.91
"numpy","dev_numpy_01",2024-06-03,6,1839,701,7,16.87,4.44
"numpy","dev_numpy_01",2024-06-10,2,345,261,3,11.7,3.49
"numpy","dev_numpy_02",2024-01-08,9,5217,2122,17,17.53,4.64
"numpy","dev_numpy_02",2024-01-15,6,3156,1457,5,16.02,4.69
"numpy","dev_numpy_02",2024-01-22,8,3899,1488,13,17.41,2.91
"numpy","dev_numpy_02",2024-02-05,8,2317,1673,2,14.45,3.61
"numpy","dev_numpy_02",2024-02-12,7,3170,1711,8,14.39,1.31
"numpy","dev_numpy_02",2024-02-19,2,819,384,15,14.98,2.29
"numpy","dev_numpy_02",2024-02-26,2,1056,404,14,13.7,3.75
"numpy","dev_numpy_02",2024-03-04,6,2779,1295,13,18.75,1.82
"numpy","dev_numpy_02",2024-03-11,3,1210,846,2,16.3,1.51
"numpy","dev_numpy_02",2024-03-18,3,897,588,6,15.19,4.4
"numpy","dev_numpy_02",2024-03-25,6,3335,1428,8,16.8,4.43
"numpy","dev_numpy_02",2024-04-08,9,2534,1151,2,11.83,2.68
"numpy","dev_numpy_02",2024-04-15,6,2191,1402,12,18,4.65
"numpy","dev_numpy_02",2024-04-22,11,3933,1820,3,16.5,1.96
"numpy","dev_numpy_02",2024-04-29,9,1673,1510,5,17.69,1.75
"numpy","dev_numpy_02",2024-05-06,3,1359,747,5,17.5,1.08
"numpy","dev_numpy_02",2024-05-13,10,4050,1901,2,16.55,4.25
"numpy","dev_numpy_02",2024-05-20,4,2292,841,2,14.04,1.46
"numpy","dev_numpy_02",2024-05-27,5,1728,523,11,14.06,1.92
"numpy","dev_numpy_02",2024-06-03,8,2555,1586,8,14.16,3.98
"numpy","dev_numpy_02",2024-06-10,6,3566,1177,13,22.3,4.43
"numpy","dev_numpy_02",2024-06-17,6,2598,1433,7,18.3,4.09
"numpy","dev_numpy_03",2024-01-01,9,4594,2539,15,19.58,4.96
"numpy","dev_numpy_03",2024-01-08,12,7119,3427,9,13.86,3.13
"numpy","dev_numpy_03",2024-01-15,10,5746,2664,3,19.68,2.23
"numpy","dev_numpy_03",2024-01-22,2,891,519,17,17.02,2.37
"numpy","dev_numpy_03",2024-01-29,9,5336,2172,18,15.48,1.48
"numpy","dev_numpy_03",2024-02-12,9,4728,2155,8,17.63,4.34
"numpy","dev_numpy_03",2024-02-19,5,3127,983,4,14.99,4.57
"numpy","dev_numpy_03",2024-02-26,10,5959,2285,7,19.93,2.99
"numpy","dev_numpy_03",2024-03-04,7,4041,1946,5,13.42,2.88
"numpy","dev_numpy_03",2024-03-11,10,5522,2649,19,15.34,4.35
"numpy","dev_numpy_03",2024-03-18,8,3990,2281,18,16.96,3.1
"numpy","dev_numpy_03",2024-03-25,7,4378,2067,13,12.44,2.25
"numpy","dev_numpy_03",2024-04-01,10,3734,2581,18,14.69,3.16
"numpy","dev_numpy_03",2024-04-08,10,4908,2939,14,16.9,4.05
"numpy","dev_numpy_03",2024-04-15,8,5346,2445,17,21.03,1.62
"numpy","dev_numpy_03",2024-04-29,10,4998,2072,15,15.94,1.78
"numpy","dev_numpy_03",2024-05-06,6,3047,1679,13,16.78,4.16
"numpy","dev_numpy_03",2024-05-13,12,6314,3013,3,16.52,2.5
"numpy","dev_numpy_03",2024-05-20,1,666,314,16,16.93,3.22
"numpy","dev_numpy_03",2024-05-27,10,5454,3017,10,17.08,3.11
"numpy","dev_numpy_03",2024-06-03,1,478,266,15,18.35,4.1
"numpy","dev_numpy_03",2024-06-10,11,6329,3338,3,15.97,3.89
"numpy","dev_numpy_03",2024-06-17,7,3887,2182,8,17.36,1.5
"numpy","dev_numpy_03",2024-06-24,12,7053,2813,18,21.43,2.78
"numpy","dev_numpy_04",2024-01-01,11,6200,2603,2,18.82,4.6
"numpy","dev_numpy_04",2024-01-08,10,5827,2990,12,16.78,1.54
"numpy","dev_numpy_04",2024-01-22,5,2017,1287,15,14.85,2.3
"numpy","dev_numpy_04",2024-01-29,4,2483,944,13,14.95,4.81
"numpy","dev_numpy_04",2024-02-05,8,4844,1856,2,18.8,2.84
"numpy","dev_numpy_04",2024-02-19,6,3828,1444,8,14.87,4.18
"numpy","dev_numpy_04",2024-02-26,10,5601,2073,7,12.56,1.1
"numpy","dev_numpy_04",2024-03-04,8,5484,1872,9,19.05,4.47
"numpy","dev_numpy_04",2024-03-11,3,1435,725,5,14.1,1.58
"numpy","dev_numpy_04",2024-03-25,6,3000,1459,15,16.65,1.55
"numpy","dev_numpy_04",2024-04-08,10,6107,2341,3,15.11,1.78
"numpy","dev_numpy_04",2024-04-15,3,1615,952,18,19.36,3.83
"numpy","dev_numpy_04",2024-04-22,10,3555,2093,13,18.68,1.34
"numpy","dev_numpy_04",2024-04-29,9,4906,1870,14,15.69,3.7
"numpy","dev_numpy_04",2024-05-13,5,2447,1374,6,18.71,2.15
"numpy","dev_numpy_04",2024-05-20,11,5924,1923,7,11.73,4.62
"numpy","dev_numpy_04",2024-05-27,5,2144,1144,2,14.89,1.72
"numpy","dev_numpy_04",2024-06-03,7,3692,1444,16,17.5,2.28
"numpy","dev_numpy_04",2024-06-10,11,5595,2850,16,16.09,4.38
"numpy","dev_numpy_04",2024-06-17,9,4781,1902,5,13.78,4.91
"numpy","dev_numpy_04",2024-06-24,9,5256,2691,10,18.69,3.68
"numpy","dev_numpy_05",2024-01-01,0,10,0,5,14.76,1.43
"numpy","dev_numpy_05",2024-01-08,4,792,40,12,16.82,4.79
"numpy","dev_numpy_05",2024-01-22,3,442,171,3,13.53,1.32
"numpy","dev_numpy_05",2024-01-29,3,610,210,11,14.6,3.48
"numpy","dev_numpy_05",2024-02-05,1,214,88,1,13.06,1.6
"numpy","dev_numpy_05",2024-02-12,3,925,220,10,15.09,1.99
"numpy","dev_numpy_05",2024-02-19,3,561,141,3,18.49,2.55
"numpy","dev_numpy_05",2024-02-26,4,1371,578,7,16.44,3.39
"numpy","dev_numpy_05",2024-03-04,5,1432,806,9,11.79,2.81
"numpy","dev_numpy_05",2024-03-11,2,517,149,5,14.63,3.6
"numpy","dev_numpy_05",2024-03-18,2,298,156,7,14.82,2.36
"numpy","dev_numpy_05",2024-03-25,3,875,229,8,14.91,1.41
"numpy","dev_numpy_05",2024-04-08,7,1661,229,5,13.65,1.99
"numpy","dev_numpy_05",2024-04-22,5,743,390,7,11.19,4.37
"numpy","dev_numpy_05",2024-04-29,3,461,89,11,17.17,4.99
"numpy","dev_numpy_05",2024-05-20,3,1040,371,2,14.16,4.26
"numpy","dev_numpy_05",2024-06-10,2,490,179,3,14.78,4.54
"numpy","dev_numpy_05",2024-06-17,1,281,72,6,13.04,4.2
"numpy","dev_numpy_05",2024-06-24,5,1045,844,4,13.63,2.36
"numpy","dev_numpy_06",2024-01-01,7,4130,1058,5,15.01,1.6
"numpy","dev_numpy_06",2024-01-08,5,2191,1149,8,17.16,1.06
"numpy","dev_numpy_06",2024-01-15,6,3027,1469,17,12.87,2.94
"numpy","dev_numpy_06",2024-01-22,5,3077,1407,13,15.87,2.03
"numpy","dev_numpy_06",2024-02-12,5,2889,1294,11,19.35,2.61
"numpy","dev_numpy_06",2024-02-19,2,1176,527,10,13.15,2.91
"numpy","dev_numpy_06",2024-02-26,5,2739,1186,3,17.92,1.98
"numpy","dev_numpy_06",2024-03-04,7,3161,1648,9,14.39,1.5
"numpy","dev_numpy_06",2024-03-11,2,749,554,10,16.15,4.4
"numpy","dev_numpy_06",2024-03-18,6,2874,1275,13,17.27,2.42
"numpy","dev_numpy_06",2024-03-25,2,819,549,7,19.11,2.83
"numpy","dev_numpy_06",2024-04-01,8,4265,2619,4,17.46,4.91
"numpy","dev_numpy_06",2024-04-08,5,2479,1035,10,17.86,2.23
"numpy","dev_numpy_06",2024-04-15,5,2721,1464,9,14.85,2.65
"numpy","dev_numpy_06",2024-04-22,8,4975,1992,7,16.07,2.99
"numpy","dev_numpy_06",2024-04-29,12,6348,2950,6,15.68,3.23
"numpy","dev_numpy_06",2024-05-06,9,4477,2164,16,15.04,3.58
"numpy","dev_numpy_06",2024-05-13,7,3154,2413,14,18.68,2.92
"numpy","dev_numpy_06",2024-05-20,12,5282,3998,9,14.06,1.42
"numpy","dev_numpy_06",2024-05-27,7,3615,1633,18,18.79,2.44
"numpy","dev_numpy_06",2024-06-03,5,2313,1198,3,15.8,2.75
"numpy","dev_numpy_06",2024-06-10,7,3535,2046,17,17.27,3.62
"numpy","dev_numpy_06",2024-06-17,8,4372,1735,14,15.52,3.77
"numpy","dev_numpy_07",2024-01-08,6,3122,1819,3,17.08,4.35
"numpy","dev_numpy_07",2024-01-15,12,5335,2490,13,19.69,3.71
"numpy","dev_numpy_07",2024-01-22,7,2638,1571,17,13.4,2.6
"numpy","dev_numpy_07",2024-01-29,11,5504,2492,9,15.85,3.64
"numpy","dev_numpy_07",2024-02-05,9,5039,2607,2,18.52,3.36
"numpy","dev_numpy_07",2024-02-26,10,4326,2564,4,18.02,4.31
"numpy","dev_numpy_07",2024-03-04,7,3198,1484,2,18.38,4.75
"numpy","dev_numpy_07",2024-03-11,6,3673,1048,10,14.94,3.7
"numpy","dev_numpy_07",2024-03-18,4,1427,1060,16,12.68,2.16
"numpy","dev_numpy_07",2024-03-25,8,5089,2197,2,17.33,3.54
"numpy","dev_numpy_07",2024-04-01,7,3511,1627,14,18.34,2.92
"numpy","dev_numpy_07",2024-04-08,10,4551,1975,18,13.79,4.77
"numpy","dev_numpy_07",2024-04-22,5,2707,1201,8,18.66,4.97
"numpy","dev_numpy_07",2024-04-29,9,4689,1871,7,16.41,2.35
"numpy","dev_numpy_07",2024-05-06,4,2235,964,2,20.4,4.96
"numpy","dev_numpy_07",2024-05-13,5,2888,1240,2,15.85,1.96
"numpy","dev_numpy_07",2024-05-20,7,4050,1514,9,18.29,2.26
"numpy","dev_numpy_07",2024-05-27,13,6896,2600,3,17.86,2.8
"numpy","dev_numpy_07",2024-06-03,2,797,514,10,15.82,2.28
"numpy","dev_numpy_07",2024-06-10,5,2198,1488,2,15.2,3.81
"numpy","dev_numpy_07",2024-06-17,8,4124,1806,1,16.77,4.54
"numpy","dev_numpy_07",2024-06-24,5,2723,977,4,15.86,1.81
"numpy","dev_numpy_08",2024-01-15,1,92,106,6,11.51,1.7
"numpy","dev_numpy_08",2024-01-22,2,450,264,7,15.62,4.97
"numpy","dev_numpy_08",2024-01-29,2,474,103,10,15.07,2.39
"numpy","dev_numpy_08",2024-02-12,4,653,391,7,14.56,3.05
"numpy","dev_numpy_08",2024-02-19,3,458,496,8,14.04,2.43
"numpy","dev_numpy_08",2024-02-26,4,792,117,11,11.66,4.62
"numpy","dev_numpy_08",2024-03-18,4,1003,373,5,11.71,1.58
"numpy","dev_numpy_08",2024-04-01,6,2012,1100,4,12.63,2.74
"numpy","dev_numpy_08",2024-04-08,5,1382,806,10,15.86,2.81
"numpy","dev_numpy_08",2024-04-15,4,547,530,11,12.84,4.88
"numpy","dev_numpy_08",2024-04-22,1,90,101,4,16.26,3.29
"numpy","dev_numpy_08",2024-04-29,4,1194,343,11,15.71,2.2
"numpy","dev_numpy_08",2024-05-06,6,1345,323,12,14.31,1.51
"numpy","dev_numpy_08",2024-05-13,4,763,241,2,11.67,3.91
"numpy","dev_numpy_08",2024-05-20,1,275,41,6,12.7,2.37
"numpy","dev_numpy_08",2024-06-03,2,481,324,1,13.6,1.75
"numpy","dev_numpy_08",2024-06-10,1,121,111,10,13.38,4.66
"numpy","dev_numpy_08",2024-06-17,0,10,0,4,14.08,4.29
